[1,["ecpdLyjvZBwrvm+cedCcQy","e7q6FL+VZEgLJUjVeDLic/","1aMvx28L1PZpgPVpKcDKCz","31dyOYhK5DH6xtK1ew1mdi","1b36c3b69","76OlHWMbZC75J0XVSi3dgZ","e97GVMl6JHh5Ml5qEDdSGa","f0BIwQ8D5Ml7nTNQbh1YlS","29FYIk+N1GYaeWH/q1NxQO","9dYAAftfRHJqYpJlnj3tC4","71VhFCTINJM6/Ky3oX9nBT","78/dcSo/JEdafSAhXCTM6e","a2MjXRFdtLlYQ5ouAFv/+R","7a/QZLET9IDreTiBfRn2PD","93u2P5heJI+qXs6oddCrFt","58MfI42OJASKcPaEj0RgZp","56fc2Ai/RFNYpaMT8crweK","b4P/PCArtIdIH38t6mlw8Y","e8Ueib+qJEhL6mXAHdnwbi"],["node","_spriteFrame","_parent","checkMark","_N$target","_textureSetter","_N$normalSprite","_N$pressedSprite","_N$hoverSprite","_N$disabledSprite","root","toggle_game","toggle_titleAudio","toggle_replay","toggle_stars","data","_N$skeletonData"],[["cc.Node",["_name","_active","_objFlags","_opacity","_prefab","_components","_contentSize","_parent","_children","_trs","_color","_anchorPoint"],-1,4,9,5,1,2,7,5,5],"cc.SpriteFrame",["cc.Widget",["_alignFlags","_originalWidth","_originalHeight","alignMode","_left","_top","_bottom","_right","node"],-5,1],["cc.Sprite",["_sizeMode","_isTrimmedMode","_type","node","_materials","_spriteFrame"],0,1,3,6],["cc.Label",["_string","_N$verticalAlign","_lineHeight","_N$horizontalAlign","_fontSize","_enableWrapText","_N$overflow","node","_materials"],-4,1,3],["cc.Node",["_name","_objFlags","_active","_components","_prefab","_contentSize","_parent","_children","_trs"],0,2,4,5,1,2,7],["cc.PrefabInfo",["fileId","root"],2,1],["cc.Toggle",["_N$transition","_N$isChecked","node","_N$normalColor","_N$target","checkMark"],1,1,5,1,1],["cc.Layout",["_resize","_N$layoutType","_N$spacingX","node","_layoutSize"],0,1,5],["cc.Prefab",["_name"],2],["cc.Node",["_name","_parent","_children","_components","_prefab","_contentSize","_anchorPoint","_trs"],2,1,2,12,4,5,5,7],["70c27EBmWdPJYtgMQ9dyPZS",["node","toggle_stars","toggle_replay","toggle_titleAudio","toggle_game"],3,1,1,1,1,1],["cc.BlockInputEvents",["node"],3,1],["cc.Button",["_N$transition","node","clickEvents","_N$normalColor","_N$pressedColor","_N$disabledColor","_N$target","_N$normalSprite","_N$pressedSprite","_N$hoverSprite","_N$disabledSprite"],2,1,9,5,5,5,1,6,6,6,6],["cc.ClickEvent",["_componentId","handler","target"],1,1],["75b2dk5WVVO7LtxMPb6Uw7K",["node"],3,1],["cc.ToggleContainer",["node","checkEvents"],3,1,9],["sp.Skeleton",["defaultSkin","defaultAnimation","_preCacheMode","_animationName","node","_materials","_N$skeletonData"],-1,1,3,6],["sp.SkeletonData",["_name","_atlasText","textureNames","_skeletonJson","textures"],-1,3]],[[6,0,1,2],[0,0,7,5,4,10,6,9,2],[0,0,8,5,4,6,9,2],[3,0,1,3,4,5,3],[0,0,2,7,8,5,4,6,9,3],[4,0,4,2,3,1,7,8,6],[8,0,1,2,3,4,4],[3,0,1,3,4,3],[14,0,1,2,3],[8,0,1,3,4,3],[4,0,2,3,1,7,8,5],[5,0,1,2,6,3,4,5,4],[7,0,1,2,3,4,5,3],[0,0,7,5,4,6,2],[5,0,1,6,3,4,5,3],[2,0,4,8,3],[7,0,2,3,4,5,2],[3,0,3,4,5,2],[16,0,1,1],[0,0,8,5,4,6,2],[0,0,7,8,5,4,6,11,9,2],[0,0,7,8,5,4,6,9,2],[0,0,2,7,5,4,6,3],[10,0,1,2,3,4,5,6,7,2],[3,2,0,3,4,5,3],[4,0,4,2,5,3,1,6,7,8,8],[13,0,1,2,3,4,5,6,7,8,9,10,2],[0,0,7,5,4,10,6,2],[12,0,1],[2,3,0,4,7,1,2,8,7],[2,0,8,2],[2,0,1,2,8,4],[3,0,1,3,3],[9,0,2],[0,0,7,8,5,4,10,6,2],[0,0,8,5,4,10,6,9,2],[0,0,1,8,5,4,6,3],[0,0,7,5,4,10,6,11,9,2],[0,0,7,8,4,9,2],[0,0,1,7,8,5,4,6,3],[0,0,3,7,8,5,4,10,3],[0,0,1,7,5,4,10,6,9,3],[0,0,3,7,5,4,10,6,3],[5,0,7,3,4,5,8,2],[11,0,1,2,3,4,1],[6,1,1],[2,0,5,6,1,2,8,6],[2,3,0,1,2,8,5],[4,0,1,7,8,3],[15,0,1],[17,0,1,2,3,4,5,6,5],[18,0,1,2,3,4,5]],[[[{"name":"default_radio_button_on","rect":[1,1,30,30],"offset":[0,0],"originalSize":[32,32],"capInsets":[0,0,0,0]}],[1],0,[0],[5],[9]],[[{"name":"default_btn_disabled","rect":[0,0,40,40],"offset":[0,0],"originalSize":[40,40],"capInsets":[12,12,12,12]}],[1],0,[0],[5],[10]],[[{"name":"btn01","rect":[3,477,50,50],"offset":[0,0],"originalSize":[50,50],"capInsets":[24,23,24,23]}],[1],0,[0],[5],[4]],[[[33,"TeacherPanel"],[19,"TeacherPanel",[-8,-9],[[44,-6,-5,-4,-3,-2],[28,-7]],[45,-1],[5,2048,1152]],[19,"node_center",[-11,-12,-13,-14,-15,-16],[[46,45,80,80,2048,800,-10]],[0,"59b6RM2MRJkYKI7yNbwW9P",1],[5,2048,992]],[2,"toggle1",[-21,-22],[[16,3,-19,[4,4292269782],-18,-17],[9,1,1,-20,[5,72,63]]],[0,"3b/yadFA1Lt4x3fIKMOKHD",1],[5,72,63],[36,3,0,0,0,0,1,1,1,0]],[2,"toggle1",[-27,-28],[[12,3,false,-25,[4,4292269782],-24,-23],[9,1,1,-26,[5,72,63]]],[0,"05947k6TlGx7eYE2f33suh",1],[5,72,63],[138,3,0,0,0,0,1,1,1,0]],[2,"toggle1",[-33,-34],[[16,3,-31,[4,4292269782],-30,-29],[9,1,1,-32,[5,72,63]]],[0,"73nrFqsppKY4ytOIb8/FAa",1],[5,72,63],[36,3,0,0,0,0,1,1,1,0]],[2,"toggle1",[-39,-40],[[12,3,false,-37,[4,4292269782],-36,-35],[9,1,1,-38,[5,72,63]]],[0,"b2xRqiRYVCqYL9guZ8GjUa",1],[5,72,63],[138,3,0,0,0,0,1,1,1,0]],[2,"toggle1",[-45,-46],[[16,3,-43,[4,4292269782],-42,-41],[9,1,1,-44,[5,72,63]]],[0,"e5AuXNFzxHI4Ilot/ajsLs",1],[5,72,63],[36,3,0,0,0,0,1,1,1,0]],[2,"toggle1",[-51,-52],[[12,3,false,-49,[4,4292269782],-48,-47],[9,1,1,-50,[5,72,63]]],[0,"cafzn7oG1G2JwKl25/MqEG",1],[5,72,63],[138,3,0,0,0,0,1,1,1,0]],[2,"toggle1",[-56,-57,-58],[[16,3,-55,[4,4292269782],-54,-53]],[0,"feHvggWLRBdo+OJ7JweibT",1],[5,50,50],[0,0,0,0,0,0,1,1,1,0]],[2,"toggle2",[-62,-63,-64],[[12,3,false,-61,[4,4292269782],-60,-59]],[0,"d3IClFRW9BO6rXzjw+Oj82",1],[5,50,50],[0,-150,0,0,0,0,1,1,1,0]],[2,"toggle2 copy",[-68,-69,-70],[[12,3,false,-67,[4,4292269782],-66,-65]],[0,"105dlA0AFPZqbDKU7o4mKJ",1],[5,50,50],[0,-284.966,0,0,0,0,1,1,1,0]],[34,"bg",1,[-72,2,-73],[[17,0,-71,[65],66]],[0,"3cXgzTM4dJeZv4LsxNnbZA",1],[4,4293914607],[5,2048,1152]],[35,"Background",[-76],[[24,1,0,-74,[5],6],[47,0,45,100,40,-75]],[0,"a5/Hi5mCNLWpRrp9pJAzzg",1],[4,4292407642],[5,160,80],[0,0,0,0,0,0,1,1,1,0]],[2,"Background",[-79],[[24,1,0,-77,[12],13],[29,0,45,-0.5,-0.5,100,40,-78]],[0,"edO36nhI9JLrsP9kJ3mOU4",1],[5,161,80],[0,0,0,0,0,0,1,1,1,0]],[20,"node_star",2,[-82,-83],[[6,1,1,20,-80,[5,509.67,60]],[15,9,20,-81]],[0,"3aafHjbLNCMpxWzebkwD1S",1],[5,509.67,60],[0,0,0.5],[-1004,466,0,0,0,0,1,1,1,1]],[23,"toggleContainer_star",15,[3,4],[[-84,[6,1,1,30,-85,[5,174,63]]],1,4],[0,"0ds0pjjqtKL7sVkdSTtC+K",1],[5,174,63],[0,0,0.5],[335.67,-2.52,0,0,0,0,1,1,1,1]],[20,"node_replay",2,[-88,-89],[[6,1,1,20,-86,[5,369,60]],[15,9,610,-87]],[0,"2f5yIeC5RKuqS6ll3UEAdL",1],[5,369,60],[0,0,0.5],[-414,466,0,0,0,0,1,1,1,1]],[23,"toggleContainer_replay",17,[5,6],[[-90,[6,1,1,30,-91,[5,174,63]]],1,4],[0,"49YFy0WH1PYLb/Fnqw9ggy",1],[5,174,63],[0,0,0.5],[195,-2.52,0,0,0,0,1,1,1,1]],[20,"node_titleAudio",2,[-94,-95],[[6,1,1,20,-92,[5,579,60]],[15,9,1037.804,-93]],[0,"bfdBFGKKRE4JrIlHh0gejk",1],[5,579,60],[0,0,0.5],[13.804000000000087,466,0,0,0,0,1,1,1,1]],[23,"toggleContainer_titleAudio",19,[7,8],[[-96,[6,1,1,30,-97,[5,174,63]]],1,4],[0,"4eiAxtNs9OC6WgnTVbU23h",1],[5,174,63],[0,0,0.5],[405,-2.52,0,0,0,0,1,1,1,1]],[43,"New ToggleContainer",[9,10,11],[-98],[0,"a2fQJIPHVPhI0M384S5hS9",1],[5,221,61],[-107.485,33.44,0,0,0,0,1,1,1,1]],[19,"Background",[-101],[[24,1,0,-99,[59],60],[29,0,45,-0.5,-0.5,100,40,-100]],[0,"07kfEepqBJ/btKbJNsKVkm",1],[5,161,60]],[4,"node_top",512,12,[-103,-104],[[30,41,-102]],[0,"11A2JQ0iBOaJWgLEqv2iug",1],[5,2048,80],[0,536,0,0,0,0,1,1,1,1]],[21,"New Node",2,[-106,-107],[[6,1,1,200,-105,[5,520,200]]],[0,"cbbAchvDROpKeDAxhzqCrv",1],[5,520,200],[0,-376.351,0,0,0,0,1,1,1,1]],[4,"node_bottom",512,12,[-109,-110],[[30,44,-108]],[0,"50fwDQYrpJfI3gy1OxXfhZ",1],[5,2048,80],[0,-536,0,0,0,0,1,1,1,1]],[36,"_nd_panel",false,[-112,-113],[[28,-111]],[0,"3a+UBTC8VA5rfwrJ4q+FH5",1],[5,2048,1152]],[27,"singleColor",23,[[17,0,-114,[0],1],[31,45,2,2,-115]],[0,"7de09oS+FA7r4+M2OExt8d",1],[4,4292335575],[5,2048,80]],[37,"label_title",23,[[48,"题目信息",1,-116,[2]],[15,8,20,-117]],[0,"65+vniGBhLeLhqj+2t91Fq",1],[4,4278190080],[5,160,50.4],[0,0,0.5],[-1004,0,0,0,0,0,1,1,1,1]],[21,"_btn_save",24,[13],[[26,3,-118,[[8,"70c27EBmWdPJYtgMQ9dyPZS","onBtnSaveClicked",1]],[4,4293322470],[4,4291348680],[4,3363338360],13,7,8,9,10]],[0,"08eTXfDsxJP5XWwX4r1ICd",1],[5,160,80],[-180,0,0,0,0,0,1,1,1,1]],[21,"_btn_view",24,[14],[[26,3,-119,[[8,"70c27EBmWdPJYtgMQ9dyPZS","onBtnViewClicked",1]],[4,4293322470],[4,4291348680],[4,3363338360],14,14,15,16,17]],[0,"06o5QRCT1AVZLMXv9lOb1a",1],[5,160,80],[180,0,0,0,0,0,1,1,1,1]],[4,"Background",512,3,[-121],[[3,2,false,-120,[20],21]],[0,"33i+1wKb9C8aVmGpFeXuQP",1],[5,32,32],[-20,0,0,0,0,0,1,1,1,1]],[4,"Background",512,4,[-123],[[3,2,false,-122,[24],25]],[0,"79TjD7xf9KqYH8NsCIWFdp",1],[5,32,32],[-20,0,0,0,0,0,1,1,1,1]],[4,"Background",512,5,[-125],[[3,2,false,-124,[29],30]],[0,"85X52AUQRKGpWuUnQt4UKz",1],[5,32,32],[-20,0,0,0,0,0,1,1,1,1]],[4,"Background",512,6,[-127],[[3,2,false,-126,[33],34]],[0,"e7bK7AmEVO5pG/bw1DlVVI",1],[5,32,32],[-20,0,0,0,0,0,1,1,1,1]],[4,"Background",512,7,[-129],[[3,2,false,-128,[38],39]],[0,"70ZzOg6KVJD6OBMhr/+x3S",1],[5,32,32],[-20,0,0,0,0,0,1,1,1,1]],[4,"Background",512,8,[-131],[[3,2,false,-130,[42],43]],[0,"cf2dAMQr5JHJjWXdBUM79k",1],[5,32,32],[-20,0,0,0,0,0,1,1,1,1]],[38,"New Node",2,[-132,21],[0,"9eqngOmlhMB5vhSTzyJXCW",1],[0,106.697,0,0,0,0,1,1,1,1]],[27,"singleColor",25,[[17,0,-133,[56],57],[31,45,2,2,-134]],[0,"77PwX0fu5JfoFenvb8ob9j",1],[4,4292335575],[5,2048,80]],[39,"btnView",false,25,[22],[[26,3,-135,[[8,"70c27EBmWdPJYtgMQ9dyPZS","onBtnViewClicked",1]],[4,4293322470],[4,4291348680],[4,3363338360],22,61,62,63,64]],[0,"e76Cos7ctI5r1e3xMvtuls",1],[5,160,60]],[40,"nd_loading",150,1,[26],[[49,-136]],[0,"c2d/qF5qZDY6vvhJG1XOsJ",1],[4,4278190080]],[41,"label",false,2,[[5,"非配置型课件，直接保存即可。",50,60,1,1,-137,[3]]],[0,"d8M7uIKwFKybNdtR6eBdZM",1],[4,4278190080],[5,700,75.6],[0,136.14500427246094,0,0,0,0,1,1,1,1]],[13,"Label",13,[[25,"保存",45,50,false,1,1,1,-138,[4]]],[0,"a2Bwp2OHlN9IUAJcFtYnbM",1],[5,100,50]],[13,"Label",14,[[25,"预览",45,50,false,1,1,1,-139,[11]]],[0,"ceAuNjA8JFTZpXoSI4ZCKl",1],[5,100,50]],[1,"New Label",15,[[5,"星级评判OverTips：",35,45,1,1,-140,[18]]],[0,"fe9FFJp9hGTrmtaH674fUn",1],[4,4278190080],[5,315.67,56.7],[157.835,0,0,0,0,0,1,1,1,1]],[14,"checkmark",512,31,[-141],[0,"c90/SHaqRL4raNTl4Vh+OE",1],[5,32,32]],[7,2,false,45,[19]],[1,"New Label",3,[[10,"开",50,1,1,-142,[22]]],[0,"fdCyc5ldFA0ZHeftsVKF4o",1],[4,4278190080],[5,40,63],[16,0,0,0,0,0,1,1,1,1]],[11,"checkmark",512,false,32,[-143],[0,"d0spGOgfBMNLFBGLUsJMXB",1],[5,32,32]],[7,2,false,48,[23]],[1,"New Label",4,[[10,"关",50,1,1,-144,[26]]],[0,"5e5qmNMz1DbYtTYSwd6QQv",1],[4,4278190080],[5,40,63],[16,0,0,0,0,0,1,1,1,1]],[18,16,[[8,"70c27EBmWdPJYtgMQ9dyPZS","onToggleStar",1]]],[1,"New Label",17,[[5,"再玩一次：",35,45,1,1,-145,[27]]],[0,"a0QZG99uRC2LybxkhOwwUl",1],[4,4278190080],[5,175,56.7],[87.5,0,0,0,0,0,1,1,1,1]],[14,"checkmark",512,33,[-146],[0,"5d7yJPUHFBD6xBEZqGBsxG",1],[5,32,32]],[7,2,false,53,[28]],[1,"New Label",5,[[10,"是",50,1,1,-147,[31]]],[0,"34LLLB/tFG3qh+b7cdrXAM",1],[4,4278190080],[5,40,63],[16,0,0,0,0,0,1,1,1,1]],[11,"checkmark",512,false,34,[-148],[0,"b1Xi0uDhxPko+JBquoAGk5",1],[5,32,32]],[7,2,false,56,[32]],[1,"New Label",6,[[10,"否",50,1,1,-149,[35]]],[0,"d6g4FPiZ1ACoTBBvzRpBdd",1],[4,4278190080],[5,40,63],[16,0,0,0,0,0,1,1,1,1]],[18,18,[[8,"70c27EBmWdPJYtgMQ9dyPZS","onToggleReplay",1]]],[1,"New Label",19,[[5,"是否自动播放题干语音：",35,45,1,1,-150,[36]]],[0,"e4m8mcj+RKvpFvYFuVgVqj",1],[4,4278190080],[5,385,56.7],[192.5,0,0,0,0,0,1,1,1,1]],[14,"checkmark",512,35,[-151],[0,"69N4f0+xNES6zntNyHUX8u",1],[5,32,32]],[7,2,false,61,[37]],[1,"New Label",7,[[10,"是",50,1,1,-152,[40]]],[0,"891WHUcgxCtKWtbdqyBNXu",1],[4,4278190080],[5,40,63],[16,0,0,0,0,0,1,1,1,1]],[11,"checkmark",512,false,36,[-153],[0,"0a7yYKRu1DSIFvoFru1fWP",1],[5,32,32]],[7,2,false,64,[41]],[1,"New Label",8,[[10,"否",50,1,1,-154,[44]]],[0,"61Gh1qi0lOjKxSzzeWwOAE",1],[4,4278190080],[5,40,63],[16,0,0,0,0,0,1,1,1,1]],[18,20,[[8,"70c27EBmWdPJYtgMQ9dyPZS","onToggleTitleAudio",1]]],[1,"New Label",37,[[5,"请选择题目",60,60,1,1,-155,[45]]],[0,"39oujxs4lEtapDfsUR8uUU",1],[4,4278190080],[5,300,75.6],[0,181.532,0,0,0,0,1,1,1,1]],[22,"Background",512,9,[[3,0,false,-156,[46],47]],[0,"23NoStp4FCVI7z2rc7iVN3",1],[5,50,50]],[14,"checkmark",512,9,[-157],[0,"93bnHA411Lp7+vQs6r4Mae",1],[5,50,50]],[7,0,false,70,[48]],[1,"New Label",9,[[5,"第一题",60,60,1,1,-158,[49]]],[0,"4eI46VGaRIbbTAwj0bG4V1",1],[4,4278190080],[5,180,75.6],[148.542,0,0,0,0,0,1,1,1,1]],[22,"Background",512,10,[[3,0,false,-159,[50],51]],[0,"f0TNl15xRB6bhKu4hmvOAh",1],[5,50,50]],[11,"checkmark",512,false,10,[-160],[0,"65F3qc9tJAzrRYf6woHEoy",1],[5,50,50]],[32,2,false,74],[1,"New Label",10,[[5,"第二题",60,60,1,1,-161,[52]]],[0,"95tFhJmddI76frLdE44Dmf",1],[4,4278190080],[5,180,75.6],[149.272,0,0,0,0,0,1,1,1,1]],[22,"Background",512,11,[[3,0,false,-162,[53],54]],[0,"e3MzMB7tNNXLvXOqXyZrun",1],[5,50,50]],[11,"checkmark",512,false,11,[-163],[0,"435jAKls1K8K+5ydWZxtYw",1],[5,50,50]],[32,2,false,78],[1,"New Label",11,[[5,"第三题",60,60,1,1,-164,[55]]],[0,"0c4wH1+FVENbkvM5rHH0/E",1],[4,4278190080],[5,180,75.6],[149.272,0,0,0,0,0,1,1,1,1]],[18,21,[[8,"70c27EBmWdPJYtgMQ9dyPZS","onToggleGame",1]]],[13,"Label",22,[[25,"检测",45,50,false,1,1,1,-165,[58]]],[0,"2bXPmAUNlJ+qQAQr3fH4Sr",1],[5,100,50]],[42,"img_bg",150,26,[[17,0,-166,[67],68]],[0,"aefYLshfJBm7KFlC57tvR4",1],[4,4278190080],[5,2048,1152]],[13,"sp_loading",26,[[50,"default","animation",0,"animation",-167,[69],70]],[0,"e3+YmUkHpJZ6KxOVMLgzVn",1],[5,36,36]]],0,[0,10,1,0,11,81,0,12,67,0,13,59,0,14,51,0,0,1,0,0,1,0,-1,12,0,-2,40,0,0,2,0,-1,41,0,-2,24,0,-3,15,0,-4,17,0,-5,19,0,-6,37,0,3,46,0,4,3,0,0,3,0,0,3,0,-1,31,0,-2,47,0,3,49,0,4,4,0,0,4,0,0,4,0,-1,32,0,-2,50,0,3,54,0,4,5,0,0,5,0,0,5,0,-1,33,0,-2,55,0,3,57,0,4,6,0,0,6,0,0,6,0,-1,34,0,-2,58,0,3,62,0,4,7,0,0,7,0,0,7,0,-1,35,0,-2,63,0,3,65,0,4,8,0,0,8,0,0,8,0,-1,36,0,-2,66,0,3,71,0,4,9,0,0,9,0,-1,69,0,-2,70,0,-3,72,0,3,75,0,4,10,0,0,10,0,-1,73,0,-2,74,0,-3,76,0,3,79,0,4,11,0,0,11,0,-1,77,0,-2,78,0,-3,80,0,0,12,0,-1,23,0,-3,25,0,0,13,0,0,13,0,-1,42,0,0,14,0,0,14,0,-1,43,0,0,15,0,0,15,0,-1,44,0,-2,16,0,-1,51,0,0,16,0,0,17,0,0,17,0,-1,52,0,-2,18,0,-1,59,0,0,18,0,0,19,0,0,19,0,-1,60,0,-2,20,0,-1,67,0,0,20,0,-1,81,0,0,22,0,0,22,0,-1,82,0,0,23,0,-1,27,0,-2,28,0,0,24,0,-1,29,0,-2,30,0,0,25,0,-1,38,0,-2,39,0,0,26,0,-1,83,0,-2,84,0,0,27,0,0,27,0,0,28,0,0,28,0,0,29,0,0,30,0,0,31,0,-1,45,0,0,32,0,-1,48,0,0,33,0,-1,53,0,0,34,0,-1,56,0,0,35,0,-1,61,0,0,36,0,-1,64,0,-1,68,0,0,38,0,0,38,0,0,39,0,0,40,0,0,41,0,0,42,0,0,43,0,0,44,0,-1,46,0,0,47,0,-1,49,0,0,50,0,0,52,0,-1,54,0,0,55,0,-1,57,0,0,58,0,0,60,0,-1,62,0,0,63,0,-1,65,0,0,66,0,0,68,0,0,69,0,-1,71,0,0,72,0,0,73,0,-1,75,0,0,76,0,0,77,0,-1,79,0,0,80,0,0,82,0,0,83,0,0,84,0,15,1,2,2,12,3,2,16,4,2,16,5,2,18,6,2,18,7,2,20,8,2,20,9,2,21,10,2,21,11,2,21,13,2,29,14,2,30,21,2,37,22,2,39,26,2,40,167],[0,0,0,0,0,0,0,0,0,0,0,0,0,0,0,0,0,0,0,0,0,0,0,0,0,0,0,0,0,0,0,0,0,0,0,0,0,0,0,0,0,0,0,0,0,0,0,0,0,0,0,0,0,0,0,0,0,0,0,0,0,0,0,0,0,0,0,0,0,0,0,46,49,54,57,62,65,71,75,79],[-1,1,-1,-1,-1,-1,1,6,7,8,9,-1,-1,1,6,7,8,9,-1,-1,-1,1,-1,-1,-1,1,-1,-1,-1,-1,1,-1,-1,-1,1,-1,-1,-1,-1,1,-1,-1,-1,1,-1,-1,-1,1,-1,-1,-1,1,-1,-1,1,-1,-1,1,-1,-1,1,6,7,8,9,-1,1,-1,1,-1,16,1,1,1,1,1,1,1,1,1],[0,5,0,0,0,0,3,3,6,7,8,0,0,11,3,6,7,8,0,0,0,1,0,0,0,1,0,0,0,0,1,0,0,0,1,0,0,0,0,1,0,0,0,1,0,0,0,1,0,0,0,1,0,0,1,0,0,5,0,0,3,3,6,7,8,0,5,0,12,13,14,2,2,2,2,2,2,2,2,2]],[[{"name":"singleColor","rect":[115,477,2,2],"offset":[0,0],"originalSize":[2,2],"capInsets":[0,0,0,0]}],[1],0,[0],[5],[4]],[[{"name":"btn02","rect":[59,477,50,50],"offset":[0,0],"originalSize":[50,50],"capInsets":[20,19,22,22]}],[1],0,[0],[5],[4]],[[[51,"loading_01","\nloading_01.png\nsize: 64,64\nformat: RGBA8888\nfilter: Linear,Linear\nrepeat: none\npoint_01\n  rotate: false\n  xy: 2, 2\n  size: 36, 36\n  orig: 36, 36\n  offset: 0, 0\n  index: -1\n",["loading_01.png"],{"skeleton":{"hash":"mMZ8e6FVoAMlIt+9ONbFwQhzRlg","spine":"3.7.94","width":36,"height":36,"images":"../images/","audio":""},"bones":[{"name":"root"},{"name":"point_01","parent":"root","length":51.21,"rotation":90},{"name":"point_1","parent":"root","length":51.21,"rotation":90},{"name":"point_2","parent":"root","length":51.21,"rotation":90},{"name":"point_3","parent":"root","length":51.21,"rotation":90},{"name":"point_4","parent":"root","length":51.21,"rotation":90}],"slots":[{"name":"point_01","bone":"point_01","attachment":"point_01"},{"name":"point_1","bone":"point_1","attachment":"point_01"},{"name":"point_2","bone":"point_2","attachment":"point_01"},{"name":"point_3","bone":"point_3","attachment":"point_01"},{"name":"point_4","bone":"point_4","attachment":"point_01"}],"skins":{"default":{"point_01":{"point_01":{"x":100,"rotation":-90,"width":36,"height":36}},"point_1":{"point_01":{"x":100,"scaleX":0.8,"scaleY":0.8,"rotation":-90,"width":36,"height":36}},"point_2":{"point_01":{"x":100,"scaleX":0.7,"scaleY":0.7,"rotation":-90,"width":36,"height":36}},"point_3":{"point_01":{"x":100,"scaleX":0.6,"scaleY":0.6,"rotation":-90,"width":36,"height":36}},"point_4":{"point_01":{"x":100,"scaleX":0.5,"scaleY":0.5,"rotation":-90,"width":36,"height":36}}}},"animations":{"animation":{"bones":{"point_01":{"rotate":[{"time":0,"angle":0},{"time":0.6667,"angle":-179.99},{"time":0.8333,"angle":88.73},{"time":1,"angle":0}]},"point_1":{"rotate":[{"time":0.1,"angle":0},{"time":0.7667,"angle":-179.99},{"time":0.9333,"angle":90},{"time":1.1,"angle":0}]},"point_4":{"rotate":[{"time":0.4,"angle":0},{"time":1.0667,"angle":-179.99},{"time":1.2333,"angle":90},{"time":1.4,"angle":0}]},"point_3":{"rotate":[{"time":0.3,"angle":0},{"time":0.9667,"angle":-179.99},{"time":1.1333,"angle":90},{"time":1.3,"angle":0}]},"point_2":{"rotate":[{"time":0.2,"angle":0},{"time":0.8667,"angle":-179.99},{"time":1.0333,"angle":90},{"time":1.2,"angle":0}]}}}}},[0]]],0,0,[0],[-1],[15]],[[{"name":"default_radio_button_off","rect":[3,3,26,26],"offset":[0,0],"originalSize":[32,32],"capInsets":[0,0,0,0]}],[1],0,[0],[5],[16]],[[{"name":"default_btn_pressed","rect":[0,0,40,40],"offset":[0,0],"originalSize":[40,40],"capInsets":[12,12,12,12]}],[1],0,[0],[5],[17]],[[{"name":"default_btn_normal","rect":[0,0,40,40],"offset":[0,0],"originalSize":[40,40],"capInsets":[12,12,12,12]}],[1],0,[0],[5],[18]]]]