{"paths":{"0":["audios/错误反馈01",0],"1":["audios/错误音效",0],"2":["audios/点击音效",0],"3":["audios/放置音效",0],"4":["audios/快节奏成功音效",0],"5":["audios/长一些的失败音效",0],"6":["audios/正确反馈01",0],"7":["audios/正确音效",0],"8":["prefab/ui/Item/levelProgress",1],"9":["prefab/ui/Item/titleBoard",1],"10":["prefab/ui/panel/GamePanel",1]},"types":["cc.AudioClip","cc.Prefab"],"uuids":["0f7YRkWxVBLq2VgeL2dIEx","abUJH/E99JPLUV0FOQmthv","7ahTV7f2dGu6fCNw5QNw0e","b04nEWw2lG7IbdVusDQIfm","bc8c0mdd1MzJ07bmTMTX3y","f1AfrhoRdOc4hif8xOfAKW","a7uxiXAAJCQpjIrp47Dvb7","ab1iAs9n1CHIPV29xbNley","07P9T3TBFNdbKyrQ+qqpoR","0fXsoQE5xNN49CN5F+6BzR","32+FX7rEVKcJkkZSzITPiN","2auoJYJ4pJ2I0/n84Jc4xZ","0bYl+7OWRE14KpDWSztTRV","2aN1fdLhBG8r9XFUq/ZcP2","f9hgkyUyRHyJpaUofNXxRW","b32UeWkWZD3KkgqGKpdWSR","25/NMOoddKEpCR93xZC+FI","06BA2dh+lCCKKgY9qcsSfw","f2M0/NyAVAIp0u750nHdu2","c0eccTVpNHv69nAhcAEGUQ","bd1gTOmthLPoVu7Z5LVK1k","e53+s096FMb5fm1vD/GztW","70IrzcJi1C+JU34tlmw/9s","d3R4zN8tdHhJoTd3ST5O9a","a1+Uj7d49ACqE3KKqDXrJC","cf4nnroetAKZRNkWk2G2gB","97lxKx/rNAiJ3vu+aXkwxP","76CXhNgqNL05tShmdwPY0A","374fgFrTlGA6WxZHwgN6Zt","7b57/LfrtJhZZJVWPEkPy+","8fCjGcY75B84ek8b5GDkZU","d29Rlq91lCu6jLf8IOZsMT","1aXSiv3kZPCr/NQubP/zRA","39H/HxvutDuY8W2+1mr85O","42hhqIwJVJDaMtPV6UrDJa","9dGQN0y1ZCJa3eiJq14yD1","3ej5YsyOBKm6HxdPxdEC27","d4RPUM3hZKNJHcJjZhBJ/Z","2fej3UQylA6amSfjYDpzgE","38aLOiTeZN5bGF1uYRE7C8","00KFJVALhMm669Bq+biVGb","4dPEx9WHZHuqALQzNaqsQ2","67S/UAkatM54eMSu0VGukC","86N59PCMFGv6rGPZo1ynQ3","9dBSjxe9VBUr2CJyQpgrfE","04JTeDdgxOzItTZtvtIO4J","155d012e1","7a/QZLET9IDreTiBfRn2PD","d5ul8M6vpKEpuc981aVRYt","ecpdLyjvZBwrvm+cedCcQy","47t8O2AQJMm5ti7zYMym9W","81IUWcisVCl5pQ0hqq8L81","a0rZDALkRFip95PqS1512c","acbS+VQDdOoKzVL0pcpsAM","b4gKa/OQVLY6iBWUFIakHU","36/ncrTpdEmoteuK8/ktlq","86LelBJVxK8JaoJRi4CmG2","c9XCWr4l1KgLqLKXfYLjLm","cePJSCu2JF8IMWjH9PZ7sv","a2MjXRFdtLlYQ5ouAFv/+R","a1U5RdJRFMFL57BdJC9H1X","8c0a81Va5HO4EFnqmaish1","11xN0DW9pBAYg5SJ9mdRFk","85SB9X7cNMPbJAnn+gJR4P","68jqSYI3pBAY/bRiJi7wre","a3f9hNpG9AIqWtOI7MwJJk","aeI5JLbBNINo+Cb1z9m85F","6dMR/xiCRL3JCRHLEIg/vB","42g0NzCalJq5dTqwTJ6k4a","admJh9+dBPqpL/gd+2tqDG","b2a40RmMxKIoecXwTzca01","19ubS3sKhFVaSoXkVqkWj+","8fRlJDw2JEdIll4U6wu+jA","86sZwfqTtMbbT9A0+kxuIX","8e+tTU2ytGjbyL1d4w0gHk","f4MzttY9ZEJpqbBe4w0Gsr","dc794pW8lJ6rxrLXSxvsqv","2d8kcLDNpDOZdD3x5uCmCv","3bgv5t6IpKDqp5lXrqsfHh","77Chub4Q1AbbhJ0fiFOpwV","aenFJ2//RJhaBMqBHmGC0h","9e6wS1/khK/LwBupNYPjJw","f7MjBZroFOh7Dt87q0beJe","9amDlEZidPh60QZV4Yfd06","f0M+zBQARPAJNgD93z/igb","40MnRpP69M2qEYwDElt0Y/","02delMVqdBD70a/HSD99FK"],"scenes":{},"redirect":[47,0,49,0,60,0,86,0],"deps":["internal"],"packs":{"075345333":[8,11,51],"04245d661":[12,62,71,77,10,55,78,85,68,64,67,79,63,56,73,61,74,72,83,81,52,59,65,53,69,66,80,70,54,57,58,76,84,75,82],"0ead8e951":[9,50,48],"072fbd02a":[40,45,17,46,32,16,13,38,28,39,33,36,34,41,42,22,27,29,43,30,26,44,35,24,15,20,19,25,31,23,37,21,18,14]},"name":"resources","importBase":"import","nativeBase":"native","debug":false,"isZip":false,"encrypted":false,"versions":{"import":["04245d661","c9ef1","072fbd02a","aa79e","075345333","3e7cc","0ead8e951","1ec9e",0,"51f53",2,"04bfa",6,"a5cf9",1,"8f538",7,"470ba",3,"0932b",4,"1b5d5",5,"1c89e"],"native":[40,"4776c",45,"bfffd",17,"c05b0",12,"6af9d",0,"442c9",46,"5342e",32,"1fc20",16,"94eec",13,"1de51",11,"8a0b6",38,"d89f3",28,"c4e0e",39,"79c28",33,"7658c",36,"8be5b",34,"41085",41,"67194",42,"c909d",22,"2c215",27,"d7382",2,"56f6c",29,"6abc3",43,"02b36",30,"e7794",26,"2c98f",44,"f3412",35,"022db",24,"0e67b",6,"0f788",1,"8c9cb",7,"26b05",3,"731bb",15,"c70c3",4,"1c3f8",20,"1b4f6",19,"988ac",25,"844d4",31,"2bf46",23,"c293b",37,"4ce8c",21,"66765",5,"e8d74",18,"e8ec4",14,"050af"]}}