{"paths":{"0":["audios/over_yingyu",1],"1":["audios/over_yuwen",1],"2":["audios/sfx_buttn",1],"3":["audios/sfx_error",1],"4":["audios/sfx_genneg",1],"5":["audios/sfx_genpos",1],"6":["audios/sfx_geupgrd",1],"7":["audios/star_good",1],"8":["audios/star_great",1],"9":["audios/star_perfect",1],"10":["spine/load_jindu/load_jindu",5],"11":["spine/load_page/load_page",5],"12":["spine/loading_yingyu/loading",5],"13":["spine/loading/loading_01",5],"14":["spine/loading/loading_01",7],"15":["spine/overTips/false/false",5],"16":["spine/overTips/false/false",7],"17":["spine/overTips/true/true02",5],"18":["spine/overTips/true/true02",7],"19":["subject/like/overTips/rongchi",5],"20":["subject/like/overTips/rongchi",7],"21":["subject/like/star/perfect_gulugulu",5],"22":["subject/like/star/perfect_gulugulu",7],"23":["subject/like/star/perfect_pig",5],"24":["subject/like/star/perfect_pig",7],"25":["subject/yingyu/overTips/Excellent",5],"26":["subject/yingyu/overTips/Excellent",7],"27":["subject/yingyu/overTips/hongseyanhua",5],"28":["subject/yingyu/overTips/hongseyanhua",7],"29":["subject/yingyu/overTips/huangseyanhua",5],"30":["subject/yingyu/overTips/huangseyanhua",7],"31":["subject/yingyu/overTips/xiaoyanhua",5],"32":["subject/yingyu/overTips/xiaoyanhua",7],"33":["subject/yingyu/replay",7],"34":["subject/yingyu/star/perfect_dakuan",5],"35":["subject/yingyu/star/perfect_dakuan",7],"36":["subject/yuwen/overTips/ni zhen bang",5],"37":["subject/yuwen/overTips/ni zhen bang",7],"38":["subject/yuwen/star/perfect_jingwei",5],"39":["subject/yuwen/star/perfect_jingwei",7],"40":["animation/loadingDot_yingyu",0],"41":["images/AutoAtlas",2],"42":["images/loadingUI/like/dig-1",3,1],"43":["images/loadingUI/like/dig",3,1],"44":["images/loadingUI/like/jindu_bg",3,1],"45":["images/loadingUI/like/jindu",3,1],"46":["images/loadingUI/yingyu/Img_dian",3,1],"47":["images/loadingUI/yingyu/loading_bg",3,1],"48":["images/loadingUI/yingyu/pg_jindutiao",3,1],"49":["images/loadingUI/yingyu/pgbg_jindutiao",3,1],"50":["images/loadingUI/yuwen/loading_bg",3,1],"51":["images/loadingUI/yuwen/loading_page",2],"52":["images/MainUI/bg_titile",3,1],"53":["images/MainUI/btn_playAgain_normal",3,1],"54":["images/MainUI/btn_playAgain_normalbg",3,1],"55":["images/MainUI/btn01",3,1],"56":["images/MainUI/btn02",3,1],"57":["images/MainUI/icon_disconnected",3,1],"58":["images/MainUI/icon_forbid",3,1],"59":["images/MainUI/levelBoard",3,1],"60":["images/MainUI/singleColor",3,1],"61":["images/MainUI/toast",3,1],"62":["images/MainUI/u",3,1],"63":["images/MainUI/u2",3,1],"64":["images/MainUI/yuanJiao",3,1],"65":["images/OverTips/img_exit",3,1],"66":["images/OverTips/word",2],"67":["images/StarCount/xiaodi/0",3,1],"68":["images/StarCount/xiaodi/1",3,1],"69":["images/StarCount/xiaodi/2",3,1],"70":["images/StarCount/xiaodi/3",3,1],"71":["images/StarCount/youxiao/0",3,1],"72":["images/StarCount/youxiao/1",3,1],"73":["images/StarCount/youxiao/2",3,1],"74":["images/StarCount/youxiao/3",3,1],"75":["prefab/item/replayBtn",4],"76":["prefab/item/Tip",4],"77":["prefab/panel/AffirmTips",4],"78":["prefab/panel/ErrorPanel",4],"79":["prefab/panel/LoadingUI",4],"80":["prefab/panel/maskMgs",4],"81":["prefab/panel/OverTips_yingyu",4],"82":["prefab/panel/OverTips_yuwen",4],"83":["prefab/panel/OverTips",4],"84":["prefab/panel/StarCount_yingyu",4],"85":["prefab/panel/StarCount_yuwen",4],"86":["prefab/panel/StarCount",4],"87":["prefab/panel/SubmissionPanel",4],"88":["prefab/panel/TipUI",4],"89":["prefab/panel/UploadAndReturnPanel",4],"90":["spine/load_jindu/load_jindu",6],"91":["spine/load_jindu/load_jindu",7],"92":["spine/load_jindu/load_jindu",3,1],"93":["spine/load_page/load_page",6],"94":["spine/load_page/load_page",7],"95":["spine/load_page/load_page",3,1],"96":["spine/loading_yingyu/loading",6],"97":["spine/loading_yingyu/loading",7],"98":["spine/loading_yingyu/loading",3,1],"99":["spine/loading/loading_01",6],"100":["spine/loading/loading_01",3,1],"101":["spine/overTips/false/false",6],"102":["spine/overTips/false/false",3,1],"103":["spine/overTips/true/true02",6],"104":["spine/overTips/true/true02",3,1],"105":["subject/like/overTips/rongchi",6],"106":["subject/like/overTips/rongchi",3,1],"107":["subject/like/star/perfect_gulugulu",6],"108":["subject/like/star/perfect_gulugulu",3,1],"109":["subject/like/star/perfect_pig",6],"110":["subject/like/star/perfect_pig",3,1],"111":["subject/yingyu/overTips/Excellent",6],"112":["subject/yingyu/overTips/Excellent",3,1],"113":["subject/yingyu/overTips/hongseyanhua",6],"114":["subject/yingyu/overTips/hongseyanhua",3,1],"115":["subject/yingyu/overTips/huangseyanhua",6],"116":["subject/yingyu/overTips/huangseyanhua",3,1],"117":["subject/yingyu/overTips/xiaoyanhua",6],"118":["subject/yingyu/overTips/xiaoyanhua",3,1],"119":["subject/yingyu/replay",3,1],"120":["subject/yingyu/star/perfect_dakuan",6],"121":["subject/yingyu/star/perfect_dakuan",3,1],"122":["subject/yuwen/overTips/ni zhen bang",6],"123":["subject/yuwen/overTips/ni zhen bang",3,1],"124":["subject/yuwen/star/perfect_jingwei",6],"125":["subject/yuwen/star/perfect_jingwei",3,1]},"types":["cc.AnimationClip","cc.AudioClip","cc.SpriteAtlas","cc.SpriteFrame","cc.Prefab","cc.Asset","sp.SkeletonData","cc.Texture2D"],"uuids":["9cAS+QvalD4Z/ch9V3iqdY","cejZZ8JhxJVoSGDq+9Vp6p","34ihn/a7ZNv58dRlWEDe84","20qAI+DARHcK/qTQmLKP9h","2fgCUTNIdEK5jrrr3SyASE","82j+sWOk9NAamuIcu9Ox8C","e4dTcn4mVEQbB7QwZkPOzL","b049l0WjxHoJG5cfbP5xY4","029AHBYjBLs5+s6SomLwZK","6ay0BwSa5PhaUezcxbgna8","df8GCSJhhDn6LfdL8hQKH8","6eo/24m4BCfovj+lIN5zxk","adnDEp0idCsJ+qjl7lokZU","6c60PA6i5DSaoBcODaMgtd","58MfI42OJASKcPaEj0RgZp","dcVRwe9ZNI16N3PhK5znhc","451AidmIdGALxg8bKHuVYp","23rt1Alw9BnbMpkjI3Zs5h","2eeNiESihNjan3whga3Ndu","5e/U1q0xlB/ayx6/xNYobB","61lLKOcthH3rb7tTQJQvDh","96yDsR4HlPG7I+ooZ37py2","04HT3p3lFFfpBhlPaCMR3K","44W1sFva9KJa9beh23pf6C","eb7sFZHXZF4Ygb4SxSBpJb","748/OHRxVFMYuwjCotOTkY","f68DN6aBhKW6xok5lSLgWP","6fcwger6ZG/KMUvg6CR1FD","8aa9Y+YPBCwJQwKE5Jl4PE","4a7E1g16dHAK/BBpWZbJL5","19BaZW1GtBiI5mNVuqvz7C","9dJGTc2XhDeIat4F7CCHv7","a6jDZmLptAz50EMa+oP91m","cddU47EfJNDYkVjDFSqasI","beHRjnZPFIpLW/EJRDoeJT","a4R86Sr89Os66wCUxJTH7e","cfM0jVq5hCK6AQYG06I0kb","84/hSGvq1FT5QscMit492m","8cRFj92nFG8LfHhtaqzJIb","e6ns0/cPpLzrg0C8FEbF7K","afoY72nZNI64QPyDWB0xxk","baP7UpxG5M+Y4iNrFtNpbz","29zej73Z9JgY68Lr7E+2Wz","69JdsLysdA4YZxMeLbOhVz","d2NAKKr7lPioV14lP40bo+","15xfMuKiJE1ajcG1rVTdzs","0bUf8NCyVOw5ImkWX7cO2w","87J4U6piVEmZZGBf1iJ6L2","5eir4PFQZEvL6d1CS7By2U","edxGfl8ItI4KpjNQIP4FWb","30+6XE2mFNQoRxvBCSX9pb","60ljiFIUJBIqhw4oTavFzw","47t8O2AQJMm5ti7zYMym9W","8en2pOgl1I57v0weXh1FKP","32o/oUApVEsbMycQJ1P4gf","31dyOYhK5DH6xtK1ew1mdi","78/dcSo/JEdafSAhXCTM6e","40tAgzFuZEyrlxllQcld4R","c6NDNaFH1Id4UTz4wiC9Zp","81IUWcisVCl5pQ0hqq8L81","76OlHWMbZC75J0XVSi3dgZ","66IE5zJJpOmJ5iwHe2imNf","71lEdSTSBOK7cdRfh05sbX","a5p08S5rVGGrHgprq1wtnS","9b4np7sSJMHLOBZs4Yo7cD","88GVySgb1MA4JPDp50upJ0","0b9HOG5itBZZU8VECJsv7X","755fkrPm1GealgXv22KD0z","957/y56+FODYrW30iWGWFc","14wMZVb2ZHfo5MVR7LhgVd","52z98+wC1PgIfqDtnKqLEo","9fK5T8/m9CPYyn/Pm8tgC9","63v1+BliFBzpN903NWBLpb","1akZQdoVJC661JfWSkWGgf","1dNqXYYV9Iba+u4Jxn/lxn","16h6eS5DxDIopvFE1hhsWZ","72qOwd+yVBCKj8ws0IcuL2","32onFG1nRIqalqUxymqq3+","011+ZKlcNFwpW/BEDI0Vp2","adVmhm3HNEQZ9BVZjJwWCZ","23tfaFTadI1qHWfPoTQC/t","2b+T20VexDkItT24X+ymuO","68tJD0ShRKaJp6+0b1HjQF","6cb62PnQlCp7wZHq/pexLM","afyx+38S9CvIRg4zK+8BBt","1fh9gNBzFEEr9Y3AYlXxvx","d5U9l6MaNIQbTI+nEiIbTI","batH8HNLFKvatt6hP9hs2m","95sjkbcW1K9ZTlBKT2I/QE","7cbR0rLc9EA7ZUytz3tA+x","e3yb1aGZpADpPUnbsrvFzW","d2swUMqEJPFIT3Mo1OqVSt","3bjhdI33JNBZ0mda5wEMZc","56nbVzVIdNb55EEEyhselO","53ihPxzDhJ7aqoXyV3od1L","981/3smpROMrTk7t33FwSk","4cGUCc50FJN64LTikC9wEh","1dbMz1NT5MEJvcKZuZIJ8R","c8uhb2cJRDdYQUM2B+WZZL","93u2P5heJI+qXs6oddCrFt","c8pvs8xL1FzKAB2yB/RFbu","c0b7GoEsBLWKPCWZX7Qhmq","1aRe86V4tD7JwYTrYicUj9","51b9HfdFtPQIOYB/yEV7Y5","18aw6xgLBH/oYZxvU9SBk3","d02yjpH/dAwo4p7+ecH44O","cc8/z2sXxI54HPHlFOWBXl","9d1MW4YXZB+Yv5RLFS78aZ","e6PsKf5nxAJqADZ4Jn0JuM","4bl35DD65G5KOm/6ETG/r1","fc/X8ZDR1HsKTZKpDFy1pb","13gk2nDEBL9ZkeSDKaQbOM","fdEC1ceWNNt7mmnuxmsIYA","68f6EturBEu5SF5f7PF61J","e0H6Kee/BGo7QPEwdgAW+t","f248EHSLpFN6um3Av7REd2","d0MyNj+ppOOJ7a6urrjL8S","eeCQ21LARPY6BRORX4Lble","baG0fqwwdHA6BWX/YVTDzr","13FqkcCzxAj6gI6QkUuoij","b6zAMta8FItL2yCWy4WWIZ","9arwpCFK5FI4hefEedXLtQ","d8c8na9AFKZL1tkhd4O7ER","20zq4M1HBBjalWuAkl1mtk","95QRVhLG1CX5u3wB4GSa05","65gkzT81ZAcIKI07t/rrua","1b02a101e","15ebd0f0f","1c293323a","40YpoDiwZBtqVEzCBCNozc","84g4U40z9Hf7BpVQYFlhB4","dd5iJ4SXlFNrdysZI/nhy7","94F87cYOVO877kCq3XbJpu","89e//VbpdGS6dqDaRFLeCR","8fF5VfAapEwqMeUSGV9ij/","4aa1qXX79K7pEOS+fLjhU3","5ehMh95LNFdbvgB+q34kyu","6agUCm059NM6Jx4vUH4fLS","b9nj2KII9G54JBmukQ7Qy5","ebOD88xbhLspYnKueMlcYT","34uTvhTkpKX5QImjV+9PHh","a2BOWRyEVFhYwh2QS25ws5","d8964cpqBIo4L3eFNcBm6P","6abpXAcTNDgKA+YWYhLFnd","d9rxVLy0xBnquwBTgsFvyo","ecpdLyjvZBwrvm+cedCcQy","7a/QZLET9IDreTiBfRn2PD"],"scenes":{},"redirect":[40,0,44,0,45,0,46,0,47,0,48,0,49,0,50,0,129,0,130,0,131,0,52,1,57,0,59,1,60,0,90,0,91,0,93,0,94,0,96,0,97,0,145,2,146,2],"deps":["main","resources","internal"],"packs":{"0772a1298":[66,140,135,136,143,137,133,134,132,141,138,142,139],"0271a1bfb":[61,76],"0a96a28d3":[54,53],"07dbf2c1b":[77,63],"08da59fae":[22,127,30,126,128,18,16,14,20,37,28,35,32,33,39,24,26]},"name":"frameRes","importBase":"import","nativeBase":"native","debug":false,"isZip":false,"encrypted":false,"versions":{"import":[78,"d3a13","0271a1bfb","1a28d",8,"b0e1a","0772a1298","ff275","07dbf2c1b","552df","08da59fae","6da1a","0a96a28d3","f88d7",119,"5eb03",111,"40bd5",69,"4f4eb",75,"f875d",104,"11a4c",102,"da035",73,"6e983",74,"f158a",85,"76bc5",3,"c883e",123,"b1cd5",17,"f14d0",80,"ba416",42,"89d75",81,"f75db",4,"50937",55,"1be72",2,"e3765",92,"1e758",23,"3e6a2",29,"88814",109,"629d1",103,"55130",70,"687cd",19,"d3122",51,"6d3c2",72,"69788",125,"71b84",113,"76b1b",82,"d436f",43,"01367",9,"65c1c",83,"7b10c",13,"3d014",11,"cacee",27,"358de",62,"95022",25,"13d71",67,"f7799",56,"732a9",89,"494cf",5,"0e63c",65,"ed306",38,"625e0",99,"b2203",124,"615f7",88,"41650",68,"f6d5c",21,"16d92",95,"4cdfc",121,"be0f7",64,"8089c",0,"43e59",31,"a951a",107,"bbe3f",71,"7ef48",79,"b955b",12,"afd8d",84,"0e1d9",7,"4b4f5",120,"03309",118,"7659b",41,"8d5d8",87,"7ab61",34,"ce278",101,"610c9",58,"972ef",100,"6a951",98,"2991b",106,"e835d",1,"6a727",36,"d4e35",116,"134bd",105,"87806",86,"991e7",122,"52c22",144,"9ef32",15,"b016a",10,"2a99d",114,"ce39d",6,"e443a",108,"f1019",117,"30371",115,"f15cb",110,"87d07",112,"5ba65"],"native":[8,"97f51",22,"c31b3",127,"23f04",30,"29c0d",126,"f803b",128,"7a449",3,"377fd",17,"8313b",18,"6867d",4,"8b09e",2,"b99a2",23,"0ab5d",16,"4418e",29,"ab90b",14,"17dd6",19,"23101",20,"f02b3",9,"4e68d",13,"64f74",11,"3b9f6",27,"2fbb7",25,"581e6",5,"6d93b",37,"a22d2",28,"f2d96",38,"a3765",21,"fa709",0,"a9b9f",31,"23045",35,"0ccc5",32,"dbcf6",12,"e7008",7,"7e770",34,"c629c",33,"7b179",1,"92f79",36,"e8a80",15,"687de",10,"dc65e",6,"59192",39,"0b3b2",24,"6f45f",26,"f6a65"]}}