{"paths":{"0":["audios/错误反馈01",0],"1":["audios/错误音效",0],"2":["audios/点击音效",0],"3":["audios/放置音效",0],"4":["audios/快节奏成功音效",0],"5":["audios/长一些的失败音效",0],"6":["audios/正确反馈01",0],"7":["audios/正确音效",0],"8":["prefab/ui/Item/levelProgress",1],"9":["prefab/ui/Item/titleBoard",1],"10":["prefab/ui/panel/GamePanel",1],"11":["prefab/ui/panel/TeacherPanel",1]},"types":["cc.AudioClip","cc.Prefab"],"uuids":["0f7YRkWxVBLq2VgeL2dIEx","abUJH/E99JPLUV0FOQmthv","7ahTV7f2dGu6fCNw5QNw0e","b04nEWw2lG7IbdVusDQIfm","bc8c0mdd1MzJ07bmTMTX3y","f1AfrhoRdOc4hif8xOfAKW","a7uxiXAAJCQpjIrp47Dvb7","ab1iAs9n1CHIPV29xbNley","07P9T3TBFNdbKyrQ+qqpoR","0fXsoQE5xNN49CN5F+6BzR","32+FX7rEVKcJkkZSzITPiN","62rz3SUm9N9oHvw7KM9Kh5","2auoJYJ4pJ2I0/n84Jc4xZ","0bYl+7OWRE14KpDWSztTRV","2aN1fdLhBG8r9XFUq/ZcP2","f9hgkyUyRHyJpaUofNXxRW","b32UeWkWZD3KkgqGKpdWSR","06BA2dh+lCCKKgY9qcsSfw","25/NMOoddKEpCR93xZC+FI","f2M0/NyAVAIp0u750nHdu2","bd1gTOmthLPoVu7Z5LVK1k","c0eccTVpNHv69nAhcAEGUQ","e53+s096FMb5fm1vD/GztW","70IrzcJi1C+JU34tlmw/9s","a1+Uj7d49ACqE3KKqDXrJC","d3R4zN8tdHhJoTd3ST5O9a","cf4nnroetAKZRNkWk2G2gB","76CXhNgqNL05tShmdwPY0A","97lxKx/rNAiJ3vu+aXkwxP","374fgFrTlGA6WxZHwgN6Zt","7b57/LfrtJhZZJVWPEkPy+","8fCjGcY75B84ek8b5GDkZU","1aXSiv3kZPCr/NQubP/zRA","d29Rlq91lCu6jLf8IOZsMT","39H/HxvutDuY8W2+1mr85O","9dGQN0y1ZCJa3eiJq14yD1","3ej5YsyOBKm6HxdPxdEC27","42hhqIwJVJDaMtPV6UrDJa","00KFJVALhMm669Bq+biVGb","2fej3UQylA6amSfjYDpzgE","38aLOiTeZN5bGF1uYRE7C8","d4RPUM3hZKNJHcJjZhBJ/Z","67S/UAkatM54eMSu0VGukC","86N59PCMFGv6rGPZo1ynQ3","4dPEx9WHZHuqALQzNaqsQ2","9dBSjxe9VBUr2CJyQpgrfE","04JTeDdgxOzItTZtvtIO4J","e8Ueib+qJEhL6mXAHdnwbi","b4P/PCArtIdIH38t6mlw8Y","71VhFCTINJM6/Ky3oX9nBT","56fc2Ai/RFNYpaMT8crweK","9dYAAftfRHJqYpJlnj3tC4","58MfI42OJASKcPaEj0RgZp","1b36c3b69","7a/QZLET9IDreTiBfRn2PD","d5ul8M6vpKEpuc981aVRYt","ecpdLyjvZBwrvm+cedCcQy","47t8O2AQJMm5ti7zYMym9W","81IUWcisVCl5pQ0hqq8L81","a0rZDALkRFip95PqS1512c","acbS+VQDdOoKzVL0pcpsAM","b4gKa/OQVLY6iBWUFIakHU","36/ncrTpdEmoteuK8/ktlq","86LelBJVxK8JaoJRi4CmG2","c9XCWr4l1KgLqLKXfYLjLm","cePJSCu2JF8IMWjH9PZ7sv","a2MjXRFdtLlYQ5ouAFv/+R","a1U5RdJRFMFL57BdJC9H1X","8c0a81Va5HO4EFnqmaish1","11xN0DW9pBAYg5SJ9mdRFk","85SB9X7cNMPbJAnn+gJR4P","68jqSYI3pBAY/bRiJi7wre","a3f9hNpG9AIqWtOI7MwJJk","aeI5JLbBNINo+Cb1z9m85F","6dMR/xiCRL3JCRHLEIg/vB","42g0NzCalJq5dTqwTJ6k4a","admJh9+dBPqpL/gd+2tqDG","b2a40RmMxKIoecXwTzca01","19ubS3sKhFVaSoXkVqkWj+","8fRlJDw2JEdIll4U6wu+jA","86sZwfqTtMbbT9A0+kxuIX","8e+tTU2ytGjbyL1d4w0gHk","f4MzttY9ZEJpqbBe4w0Gsr","dc794pW8lJ6rxrLXSxvsqv","2d8kcLDNpDOZdD3x5uCmCv","3bgv5t6IpKDqp5lXrqsfHh","77Chub4Q1AbbhJ0fiFOpwV","aenFJ2//RJhaBMqBHmGC0h","9e6wS1/khK/LwBupNYPjJw","f7MjBZroFOh7Dt87q0beJe","9amDlEZidPh60QZV4Yfd06","f0M+zBQARPAJNgD93z/igb","40MnRpP69M2qEYwDElt0Y/","76OlHWMbZC75J0XVSi3dgZ","31dyOYhK5DH6xtK1ew1mdi","e97GVMl6JHh5Ml5qEDdSGa","f0BIwQ8D5Ml7nTNQbh1YlS","29FYIk+N1GYaeWH/q1NxQO","78/dcSo/JEdafSAhXCTM6e","1aMvx28L1PZpgPVpKcDKCz","e7q6FL+VZEgLJUjVeDLic/","93u2P5heJI+qXs6oddCrFt","02delMVqdBD70a/HSD99FK"],"scenes":{},"redirect":[54,0,56,0,67,0,102,0],"deps":["internal"],"packs":{"075345333":[8,12,58],"0ead8e951":[9,57,55],"043ec93fc":[99,97,94,11,93,98,101,100,95,96],"07988a042":[13,69,78,84,10,62,85,92,75,71,74,86,70,63,80,68,81,79,90,88,59,72,60,76,73,87,77,61,64,65,83,91,82,89],"09d9af432":[38,46,17,32,53,18,14,39,29,40,34,36,37,44,50,52,42,23,49,27,30,43,31,28,45,35,51,24,16,48,20,21,26,33,25,41,22,47,19,15]},"name":"resources","importBase":"import","nativeBase":"native","debug":false,"isZip":false,"encrypted":false,"versions":{"import":["043ec93fc","bef8c","075345333","ee34e","07988a042","44cae","09d9af432","f8b61","0ead8e951","e5357",0,"51f53",2,"04bfa",66,"43d76",6,"a5cf9",1,"8f538",7,"470ba",3,"0932b",4,"1b5d5",5,"1c89e"],"native":[38,"4776c",46,"bfffd",17,"c05b0",13,"6af9d",0,"442c9",32,"1fc20",53,"e1166",18,"94eec",14,"1de51",12,"8a0b6",39,"d89f3",29,"c4e0e",40,"79c28",34,"7658c",36,"8be5b",37,"41085",44,"67194",50,"5f1d9",52,"17dd6",42,"c909d",23,"2c215",49,"c06a9",27,"d7382",2,"56f6c",30,"6abc3",43,"02b36",31,"e7794",28,"2c98f",45,"f3412",35,"022db",51,"e0234",24,"0e67b",6,"0f788",1,"8c9cb",7,"26b05",3,"731bb",16,"c70c3",48,"83fcc",4,"1c3f8",20,"1b4f6",21,"988ac",26,"844d4",33,"2bf46",25,"c293b",41,"4ce8c",22,"66765",47,"90cf4",5,"e8d74",19,"e8ec4",15,"050af"]}}